{
  "n_total": 216,
  "models": [
    "gpt-4o",
    "gemini-2.5-flash"
  ],
  "n_per_model": {
    "gpt-4o": 108,
    "gemini-2.5-flash": 108
  },
  "condition_stats": {
    "neutral": {
      "n": 72,
      "cf_rate": {
        "mean": 0.06313194444444443,
        "sd": 0.531959219360738
      },
      "regret_rate": {
        "mean": 0.0,
        "sd": 0.0
      },
      "negemo_rate": {
        "mean": 0.018037499999999998,
        "sd": 0.15198667653366857
      },
      "semantic_regret_bias": {
        "mean": -0.5254622222222223,
        "sd": 0.30638593118548224
      }
    },
    "deprivation": {
      "n": 72,
      "cf_rate": {
        "mean": 1.1852541666666667,
        "sd": 1.9710773004697413
      },
      "regret_rate": {
        "mean": 1.0497194444444444,
        "sd": 1.9446197052979342
      },
      "negemo_rate": {
        "mean": 0.4551861111111111,
        "sd": 1.3267332995521113
      },
      "semantic_regret_bias": {
        "mean": 0.031828055555555554,
        "sd": 0.1473954155460641
      }
    },
    "counterfactual": {
      "n": 72,
      "cf_rate": {
        "mean": 0.0484,
        "sd": 0.25072020427826186
      },
      "regret_rate": {
        "mean": 0.07792361111111111,
        "sd": 0.24139950260756982
      },
      "negemo_rate": {
        "mean": 0.06045138888888889,
        "sd": 0.20518082065519103
      },
      "semantic_regret_bias": {
        "mean": 0.00818513888888889,
        "sd": 0.04094609579791241
      }
    }
  },
  "inferential_tests": {
    "cf_rate": {
      "dep_mean": 1.1852541666666667,
      "dep_sd": 1.9710773004697413,
      "neu_mean": 0.06313194444444443,
      "neu_sd": 0.531959219360738,
      "cf_mean": 0.0484,
      "cf_sd": 0.25072020427826186,
      "t_dn": 4.631257200131935,
      "p_dn": 1.3626356767206382e-05,
      "d_dn": 0.7772929415656076,
      "t_dc": 4.821087471778969,
      "p_dc": 7.526295461172055e-06
    },
    "regret_rate": {
      "dep_mean": 1.0497194444444444,
      "dep_sd": 1.9446197052979342,
      "neu_mean": 0.0,
      "neu_sd": 0.0,
      "cf_mean": 0.07792361111111111,
      "cf_sd": 0.24139950260756982,
      "t_dn": 4.5484951297195755,
      "p_dn": 2.1728355315956256e-05,
      "d_dn": 0.7634024642327896,
      "t_dc": 4.178773203298864,
      "p_dc": 8.010720174729625e-05
    },
    "negemo_rate": {
      "dep_mean": 0.4551861111111111,
      "dep_sd": 1.3267332995521113,
      "neu_mean": 0.018037499999999998,
      "neu_sd": 0.15198667653366857,
      "cf_mean": 0.06045138888888889,
      "cf_sd": 0.20518082065519103,
      "t_dn": 2.758312650728253,
      "p_dn": 0.00734074679413351,
      "d_dn": 0.4629449113690153,
      "t_dc": 2.4775276108444477,
      "p_dc": 0.015499403395466597
    },
    "semantic_regret_bias": {
      "dep_mean": 0.031828055555555554,
      "dep_sd": 0.1473954155460641,
      "neu_mean": -0.5254622222222223,
      "neu_sd": 0.30638593118548224,
      "cf_mean": 0.00818513888888889,
      "cf_sd": 0.04094609579791241,
      "t_dn": 13.81134441467623,
      "p_dn": 4.142575507399293e-25,
      "d_dn": 2.3180445531622778,
      "t_dc": 1.3022783458245553,
      "p_dc": 0.1964719831986815
    }
  },
  "persona_stats_deprivation": {
    "none": {
      "n": 24,
      "mean": 0.5707458333333334,
      "sd": 1.3078693423462855
    },
    "reflective": {
      "n": 24,
      "mean": 0.540625,
      "sd": 1.3652932912168236
    },
    "ruminative": {
      "n": 24,
      "mean": 2.0377875,
      "sd": 2.511019325113558
    }
  }
}