{
  "n_total": 7440,
  "pearson_overall": {
    "r": 0.1709,
    "p": 6.776302552771918e-50
  },
  "pearson_by_condition": {
    "deprivation": {
      "r": 0.1063,
      "p": 1.46595057153846e-07,
      "n": 2436
    },
    "counterfactual": {
      "r": -0.0062,
      "p": 0.7568920982530019,
      "n": 2514
    },
    "neutral": {
      "r": 0.1698,
      "p": 1.4623251787554286e-17,
      "n": 2490
    }
  },
  "lme_with_length_covariate": {
    "is_dep": {
      "beta": 0.1759,
      "z": 51.8,
      "p": 0.0
    },
    "is_cf": {
      "beta": 0.2407,
      "z": 70.03,
      "p": 0.0
    },
    "log_len": {
      "beta": 0.0138,
      "z": 23.43,
      "p": 2.130400385229517e-121
    }
  },
  "lme_baseline_dep_beta": 0.1497,
  "lme_baseline_cf_beta": 0.2011,
  "length_residualized_ttests": {
    "dep_vs_neu": {
      "t": 71.35,
      "p": 0.0,
      "d": 2.033,
      "n_dep": 2436,
      "n_neu": 2490
    },
    "cf_vs_neu": {
      "t": 84.39,
      "p": 0.0,
      "d": 2.386,
      "n_cf": 2514,
      "n_neu": 2490
    }
  },
  "interpretation": "Length is significantly correlated with embedding bias (r=0.1709, p<.001), but condition effects persist after controlling for log(length): dep beta=0.1759 (z=51.80), CF beta=0.2407 (z=70.03), both p<.001. Effect size reduction from baseline: dep -17.5%, CF -19.7%. Length-residualized d values: dep=2.033, CF=2.386 (vs 1.886, 2.208 unresid)."
}