{
  "n_total": 4123,
  "conditions": {
    "neutral": 1390,
    "deprivation": 1382,
    "counterfactual": 1351
  },
  "welch_tests": {
    "cf_rate": {
      "D_vs_N": {
        "t": 17.472,
        "p": 0.0,
        "d": 0.666
      },
      "C_vs_N": {
        "t": 11.592,
        "p": 0.0,
        "d": 0.449
      }
    },
    "regret_rate": {
      "D_vs_N": {
        "t": 15.555,
        "p": 0.0,
        "d": 0.592
      },
      "C_vs_N": {
        "t": 11.042,
        "p": 0.0,
        "d": 0.426
      }
    },
    "negemo_rate": {
      "D_vs_N": {
        "t": 10.902,
        "p": 0.0,
        "d": 0.415
      },
      "C_vs_N": {
        "t": 4.272,
        "p": 2e-05,
        "d": 0.164
      }
    },
    "semantic_regret_bias": {
      "D_vs_N": {
        "t": 52.476,
        "p": 0.0,
        "d": 1.989
      },
      "C_vs_N": {
        "t": 53.549,
        "p": 0.0,
        "d": 2.02
      }
    },
    "embedding_regret_bias": {
      "D_vs_N": {
        "t": 46.124,
        "p": 0.0,
        "d": 1.752
      },
      "C_vs_N": {
        "t": 52.396,
        "p": 0.0,
        "d": 1.993
      }
    }
  },
  "lme": {
    "cf_rate": {
      "params": {
        "Intercept": {
          "beta": -0.1121,
          "se": 0.3912,
          "z": -0.287,
          "p": 0.77439
        },
        "cond_D": {
          "beta": 0.8555,
          "se": 0.5357,
          "z": 1.597,
          "p": 0.11027
        },
        "cond_C": {
          "beta": 2.1766,
          "se": 0.5648,
          "z": 3.854,
          "p": 0.00012
        },
        "pers_rfl": {
          "beta": 0.0296,
          "se": 0.0306,
          "z": 0.966,
          "p": 0.33383
        },
        "pers_rum": {
          "beta": 0.3354,
          "se": 0.0306,
          "z": 10.95,
          "p": 0.0
        },
        "temp_z": {
          "beta": -0.0042,
          "se": 0.0129,
          "z": -0.321,
          "p": 0.74785
        }
      },
      "log_likelihood": -5028.343
    },
    "regret_rate": {
      "params": {
        "Intercept": {
          "beta": -0.0939,
          "se": 0.1407,
          "z": -0.667,
          "p": 0.50469
        },
        "cond_D": {
          "beta": 0.5726,
          "se": 0.1934,
          "z": 2.961,
          "p": 0.00307
        },
        "cond_C": {
          "beta": 0.4216,
          "se": 0.205,
          "z": 2.056,
          "p": 0.03976
        },
        "pers_rfl": {
          "beta": 0.0181,
          "se": 0.0268,
          "z": 0.677,
          "p": 0.4983
        },
        "pers_rum": {
          "beta": 0.313,
          "se": 0.0268,
          "z": 11.688,
          "p": 0.0
        },
        "temp_z": {
          "beta": 0.0051,
          "se": 0.0113,
          "z": 0.447,
          "p": 0.65517
        }
      },
      "log_likelihood": -4441.566
    },
    "negemo_rate": {
      "params": {
        "Intercept": {
          "beta": 0.0655,
          "se": 0.0445,
          "z": 1.474,
          "p": 0.1406
        },
        "cond_D": {
          "beta": 0.2366,
          "se": 0.0606,
          "z": 3.906,
          "p": 9e-05
        },
        "cond_C": {
          "beta": 0.0484,
          "se": 0.0651,
          "z": 0.743,
          "p": 0.45775
        },
        "pers_rfl": {
          "beta": -0.0096,
          "se": 0.0196,
          "z": -0.489,
          "p": 0.62518
        },
        "pers_rum": {
          "beta": -0.0043,
          "se": 0.0196,
          "z": -0.221,
          "p": 0.82523
        },
        "temp_z": {
          "beta": -0.0068,
          "se": 0.0082,
          "z": -0.83,
          "p": 0.40627
        }
      },
      "log_likelihood": -3128.598
    },
    "semantic_regret_bias": {
      "params": {
        "Intercept": {
          "beta": -0.2965,
          "se": 0.0303,
          "z": -9.771,
          "p": 0.0
        },
        "cond_D": {
          "beta": 0.3504,
          "se": 0.0416,
          "z": 8.431,
          "p": 0.0
        },
        "cond_C": {
          "beta": 0.3429,
          "se": 0.0442,
          "z": 7.754,
          "p": 0.0
        },
        "pers_rfl": {
          "beta": 0.0063,
          "se": 0.0062,
          "z": 1.008,
          "p": 0.31322
        },
        "pers_rum": {
          "beta": 0.0129,
          "se": 0.0062,
          "z": 2.072,
          "p": 0.03824
        },
        "temp_z": {
          "beta": -0.0046,
          "se": 0.0026,
          "z": -1.742,
          "p": 0.08144
        }
      },
      "log_likelihood": 1559.321
    },
    "embedding_regret_bias": {
      "params": {
        "Intercept": {
          "beta": -0.0626,
          "se": 0.0136,
          "z": -4.589,
          "p": 0.0
        },
        "cond_D": {
          "beta": 0.173,
          "se": 0.0187,
          "z": 9.257,
          "p": 0.0
        },
        "cond_C": {
          "beta": 0.2,
          "se": 0.0198,
          "z": 10.084,
          "p": 0.0
        },
        "pers_rfl": {
          "beta": 0.0226,
          "se": 0.0024,
          "z": 9.587,
          "p": 0.0
        },
        "pers_rum": {
          "beta": 0.0485,
          "se": 0.0024,
          "z": 20.575,
          "p": 0.0
        },
        "temp_z": {
          "beta": -0.0019,
          "se": 0.001,
          "z": -1.877,
          "p": 0.06052
        }
      },
      "log_likelihood": 5560.499
    }
  },
  "keyword_confound": {
    "neutral": {
      "n": 1390,
      "mean_regret_rate": 0.0334,
      "note": "Prompt keywords neutral"
    },
    "deprivation": {
      "n": 1382,
      "mean_regret_rate": 0.5378,
      "note": "Prompt keywords include regret tokens"
    },
    "counterfactual": {
      "n": 1351,
      "mean_regret_rate": 0.2137,
      "note": "Prompt keywords neutral"
    }
  }
}