{
  "n_total": 216,
  "conditions": {
    "neutral": 72,
    "deprivation": 72,
    "counterfactual": 72
  },
  "welch_tests": {
    "cf_rate": {
      "D_vs_N": {
        "t": 4.631,
        "p": 1e-05,
        "d": 0.724
      },
      "C_vs_N": {
        "t": -0.211,
        "p": 0.83325,
        "d": -0.035
      }
    },
    "regret_rate": {
      "D_vs_N": {
        "t": 4.548,
        "p": 2e-05,
        "d": 0.713
      },
      "C_vs_N": {
        "t": 2.72,
        "p": 0.0082,
        "d": 0.445
      }
    },
    "negemo_rate": {
      "D_vs_N": {
        "t": 2.758,
        "p": 0.00734,
        "d": 0.451
      },
      "C_vs_N": {
        "t": 1.4,
        "p": 0.16399,
        "d": 0.233
      }
    },
    "semantic_regret_bias": {
      "D_vs_N": {
        "t": 13.811,
        "p": 0.0,
        "d": 1.514
      },
      "C_vs_N": {
        "t": 14.547,
        "p": 0.0,
        "d": 1.547
      }
    }
  },
  "lme": {
    "cf_rate": {
      "params": {
        "Intercept": {
          "beta": -0.1302,
          "se": 0.6049,
          "z": -0.215,
          "p": 0.82961
        },
        "cond_D": {
          "beta": 1.1221,
          "se": 0.8442,
          "z": 1.329,
          "p": 0.1838
        },
        "cond_C": {
          "beta": -0.0147,
          "se": 0.8442,
          "z": -0.017,
          "p": 0.98608
        },
        "pers_rfl": {
          "beta": 0.0105,
          "se": 0.1687,
          "z": 0.062,
          "p": 0.95021
        },
        "pers_rum": {
          "beta": 0.5694,
          "se": 0.1687,
          "z": 3.375,
          "p": 0.00074
        },
        "temp_z": {
          "beta": -0.0347,
          "se": 0.069,
          "z": -0.502,
          "p": 0.61536
        }
      },
      "log_likelihood": -318.199
    },
    "regret_rate": {
      "params": {
        "Intercept": {
          "beta": -0.1647,
          "se": 0.527,
          "z": -0.313,
          "p": 0.75459
        },
        "cond_D": {
          "beta": 1.0497,
          "se": 0.7329,
          "z": 1.432,
          "p": 0.15207
        },
        "cond_C": {
          "beta": 0.0779,
          "se": 0.7329,
          "z": 0.106,
          "p": 0.91533
        },
        "pers_rfl": {
          "beta": -0.0309,
          "se": 0.1656,
          "z": -0.187,
          "p": 0.8518
        },
        "pers_rum": {
          "beta": 0.5251,
          "se": 0.1656,
          "z": 3.171,
          "p": 0.00152
        },
        "temp_z": {
          "beta": -0.0182,
          "se": 0.0678,
          "z": -0.268,
          "p": 0.78866
        }
      },
      "log_likelihood": -313.899
    },
    "negemo_rate": {
      "params": {
        "Intercept": {
          "beta": 0.1386,
          "se": 0.2731,
          "z": 0.507,
          "p": 0.61181
        },
        "cond_D": {
          "beta": 0.4371,
          "se": 0.3728,
          "z": 1.173,
          "p": 0.24093
        },
        "cond_C": {
          "beta": 0.0424,
          "se": 0.3728,
          "z": 0.114,
          "p": 0.90942
        },
        "pers_rfl": {
          "beta": -0.1308,
          "se": 0.1237,
          "z": -1.058,
          "p": 0.29008
        },
        "pers_rum": {
          "beta": -0.2308,
          "se": 0.1237,
          "z": -1.867,
          "p": 0.06192
        },
        "temp_z": {
          "beta": -0.0504,
          "se": 0.0506,
          "z": -0.997,
          "p": 0.31891
        }
      },
      "log_likelihood": -251.428
    },
    "semantic_regret_bias": {
      "params": {
        "Intercept": {
          "beta": -0.5106,
          "se": 0.0714,
          "z": -7.151,
          "p": 0.0
        },
        "cond_D": {
          "beta": 0.5573,
          "se": 0.0977,
          "z": 5.706,
          "p": 0.0
        },
        "cond_C": {
          "beta": 0.5336,
          "se": 0.0977,
          "z": 5.464,
          "p": 0.0
        },
        "pers_rfl": {
          "beta": -0.0294,
          "se": 0.0315,
          "z": -0.935,
          "p": 0.34975
        },
        "pers_rum": {
          "beta": -0.015,
          "se": 0.0315,
          "z": -0.478,
          "p": 0.63262
        },
        "temp_z": {
          "beta": -0.0018,
          "se": 0.0129,
          "z": -0.137,
          "p": 0.89081
        }
      },
      "log_likelihood": 35.838
    }
  },
  "keyword_confound": {
    "neutral": {
      "n": 72,
      "mean_regret_rate": 0.0,
      "note": "Prompt keywords neutral"
    },
    "deprivation": {
      "n": 72,
      "mean_regret_rate": 1.0497,
      "note": "Prompt keywords include regret tokens"
    },
    "counterfactual": {
      "n": 72,
      "mean_regret_rate": 0.0779,
      "note": "Prompt keywords neutral"
    }
  }
}