{
  "description": "LME with crossed RE: (1|scenario) + (1|model)",
  "n_embedding_subset": 8299,
  "n_total": 8299,
  "n_models": 39,
  "n_scenarios": 169,
  "embedding_regret_bias": {
    "model_A_scenario_only": {
      "Intercept": {
        "beta": -0.0687,
        "se": 0.0048,
        "z": -14.345,
        "p": 0.0
      },
      "cond_D": {
        "beta": 0.1715,
        "se": 0.0032,
        "z": 52.912,
        "p": 0.0
      },
      "cond_C": {
        "beta": 0.2297,
        "se": 0.0033,
        "z": 68.803,
        "p": 0.0
      },
      "pers_rfl": {
        "beta": 0.0163,
        "se": 0.0018,
        "z": 9.037,
        "p": 0.0
      },
      "pers_rum": {
        "beta": 0.0332,
        "se": 0.0018,
        "z": 18.196,
        "p": 0.0
      },
      "temp_z": {
        "beta": 0.0008,
        "se": 0.0008,
        "z": 0.989,
        "p": 0.32244
      }
    },
    "model_B_crossed_re": {
      "Intercept": {
        "beta": -0.0658,
        "se": 0.003,
        "z": -22.208,
        "p": 0.0
      },
      "cond_D": {
        "beta": 0.1692,
        "se": 0.0028,
        "z": 61.202,
        "p": 0.0
      },
      "cond_C": {
        "beta": 0.216,
        "se": 0.0028,
        "z": 77.314,
        "p": 0.0
      },
      "pers_rfl": {
        "beta": 0.0156,
        "se": 0.0015,
        "z": 10.305,
        "p": 0.0
      },
      "pers_rum": {
        "beta": 0.0317,
        "se": 0.0015,
        "z": 20.636,
        "p": 0.0
      },
      "temp_z": {
        "beta": -0.0006,
        "se": 0.0008,
        "z": -0.727,
        "p": 0.46746
      }
    }
  },
  "all_markers_crossed_re": {
    "regret_rate": {
      "Intercept": {
        "beta": 0.1338,
        "se": 0.0376,
        "z": 3.558,
        "p": 0.00037
      },
      "cond_D": {
        "beta": 0.1784,
        "se": 0.0407,
        "z": 4.384,
        "p": 1e-05
      },
      "cond_C": {
        "beta": 0.1483,
        "se": 0.041,
        "z": 3.617,
        "p": 0.0003
      },
      "pers_rfl": {
        "beta": -0.0236,
        "se": 0.025,
        "z": -0.945,
        "p": 0.34483
      },
      "pers_rum": {
        "beta": 0.221,
        "se": 0.0254,
        "z": 8.702,
        "p": 0.0
      },
      "temp_z": {
        "beta": -0.0016,
        "se": 0.0127,
        "z": -0.128,
        "p": 0.89809
      }
    },
    "negemo_rate": {
      "Intercept": {
        "beta": 0.0723,
        "se": 0.0153,
        "z": 4.711,
        "p": 0.0
      },
      "cond_D": {
        "beta": 0.1062,
        "se": 0.0177,
        "z": 6.001,
        "p": 0.0
      },
      "cond_C": {
        "beta": 0.0459,
        "se": 0.0178,
        "z": 2.581,
        "p": 0.00984
      },
      "pers_rfl": {
        "beta": 0.009,
        "se": 0.0135,
        "z": 0.67,
        "p": 0.50301
      },
      "pers_rum": {
        "beta": 0.02,
        "se": 0.0136,
        "z": 1.467,
        "p": 0.14238
      },
      "temp_z": {
        "beta": -0.012,
        "se": 0.0065,
        "z": -1.862,
        "p": 0.06254
      }
    },
    "cf_rate": {
      "Intercept": {
        "beta": 0.3493,
        "se": 0.0574,
        "z": 6.09,
        "p": 0.0
      },
      "cond_D": {
        "beta": 0.1317,
        "se": 0.0551,
        "z": 2.39,
        "p": 0.01686
      },
      "cond_C": {
        "beta": 0.5981,
        "se": 0.0556,
        "z": 10.752,
        "p": 0.0
      },
      "pers_rfl": {
        "beta": -0.0214,
        "se": 0.0308,
        "z": -0.695,
        "p": 0.48701
      },
      "pers_rum": {
        "beta": 0.2495,
        "se": 0.0313,
        "z": 7.962,
        "p": 0.0
      },
      "temp_z": {
        "beta": -0.0114,
        "se": 0.0158,
        "z": -0.721,
        "p": 0.47075
      }
    },
    "embedding_regret_bias": {
      "Intercept": {
        "beta": -0.0658,
        "se": 0.003,
        "z": -22.208,
        "p": 0.0
      },
      "cond_D": {
        "beta": 0.1692,
        "se": 0.0028,
        "z": 61.202,
        "p": 0.0
      },
      "cond_C": {
        "beta": 0.216,
        "se": 0.0028,
        "z": 77.314,
        "p": 0.0
      },
      "pers_rfl": {
        "beta": 0.0156,
        "se": 0.0015,
        "z": 10.305,
        "p": 0.0
      },
      "pers_rum": {
        "beta": 0.0317,
        "se": 0.0015,
        "z": 20.636,
        "p": 0.0
      },
      "temp_z": {
        "beta": -0.0006,
        "se": 0.0008,
        "z": -0.727,
        "p": 0.46746
      }
    }
  }
}