{
  "n_total": 637,
  "conditions": {
    "deprivation": 234,
    "neutral": 203,
    "counterfactual": 200
  },
  "welch_tests": {
    "cf_rate": {
      "D_vs_N": {
        "t": 5.567,
        "p": 0.0,
        "d": 0.487
      },
      "C_vs_N": {
        "t": 1.557,
        "p": 0.12052,
        "d": 0.156
      }
    },
    "regret_rate": {
      "D_vs_N": {
        "t": 5.374,
        "p": 0.0,
        "d": 0.468
      },
      "C_vs_N": {
        "t": 2.326,
        "p": 0.02105,
        "d": 0.232
      }
    },
    "negemo_rate": {
      "D_vs_N": {
        "t": 2.919,
        "p": 0.00384,
        "d": 0.26
      },
      "C_vs_N": {
        "t": 2.05,
        "p": 0.04134,
        "d": 0.205
      }
    },
    "semantic_regret_bias": {
      "D_vs_N": {
        "t": 25.705,
        "p": 0.0,
        "d": 1.588
      },
      "C_vs_N": {
        "t": 27.417,
        "p": 0.0,
        "d": 1.611
      }
    }
  },
  "lme": {
    "cf_rate": {
      "params": {
        "Intercept": {
          "beta": -0.1071,
          "se": 0.4584,
          "z": -0.234,
          "p": 0.8152
        },
        "cond_D": {
          "beta": 0.5933,
          "se": 0.5302,
          "z": 1.119,
          "p": 0.26317
        },
        "cond_C": {
          "beta": 0.0888,
          "se": 0.5618,
          "z": 0.158,
          "p": 0.87445
        },
        "pers_rfl": {
          "beta": 0.0395,
          "se": 0.0713,
          "z": 0.554,
          "p": 0.57975
        },
        "pers_rum": {
          "beta": 0.3611,
          "se": 0.0712,
          "z": 5.074,
          "p": 0.0
        },
        "temp_z": {
          "beta": 0.0013,
          "se": 0.0296,
          "z": 0.044,
          "p": 0.96515
        }
      },
      "log_likelihood": -731.565
    },
    "regret_rate": {
      "params": {
        "Intercept": {
          "beta": -0.0966,
          "se": 0.3955,
          "z": -0.244,
          "p": 0.80702
        },
        "cond_D": {
          "beta": 0.5134,
          "se": 0.4577,
          "z": 1.122,
          "p": 0.26195
        },
        "cond_C": {
          "beta": 0.0856,
          "se": 0.4848,
          "z": 0.177,
          "p": 0.8598
        },
        "pers_rfl": {
          "beta": 0.0078,
          "se": 0.0696,
          "z": 0.113,
          "p": 0.9102
        },
        "pers_rum": {
          "beta": 0.2808,
          "se": 0.0695,
          "z": 4.04,
          "p": 5e-05
        },
        "temp_z": {
          "beta": 0.0055,
          "se": 0.0289,
          "z": 0.19,
          "p": 0.84899
        }
      },
      "log_likelihood": -715.608
    },
    "negemo_rate": {
      "params": {
        "Intercept": {
          "beta": 0.0215,
          "se": 0.1775,
          "z": 0.121,
          "p": 0.90359
        },
        "cond_D": {
          "beta": 0.224,
          "se": 0.2062,
          "z": 1.086,
          "p": 0.27747
        },
        "cond_C": {
          "beta": 0.0603,
          "se": 0.2175,
          "z": 0.277,
          "p": 0.78152
        },
        "pers_rfl": {
          "beta": 0.0355,
          "se": 0.0634,
          "z": 0.559,
          "p": 0.5759
        },
        "pers_rum": {
          "beta": -0.0287,
          "se": 0.0634,
          "z": -0.453,
          "p": 0.65032
        },
        "temp_z": {
          "beta": -0.0207,
          "se": 0.0263,
          "z": -0.784,
          "p": 0.43305
        }
      },
      "log_likelihood": -651.264
    },
    "semantic_regret_bias": {
      "params": {
        "Intercept": {
          "beta": -0.5724,
          "se": 0.0515,
          "z": -11.107,
          "p": 0.0
        },
        "cond_D": {
          "beta": 0.6046,
          "se": 0.0598,
          "z": 10.104,
          "p": 0.0
        },
        "cond_C": {
          "beta": 0.5776,
          "se": 0.0632,
          "z": 9.142,
          "p": 0.0
        },
        "pers_rfl": {
          "beta": -0.0232,
          "se": 0.0169,
          "z": -1.37,
          "p": 0.17076
        },
        "pers_rum": {
          "beta": -0.0097,
          "se": 0.0169,
          "z": -0.571,
          "p": 0.5678
        },
        "temp_z": {
          "beta": -0.0042,
          "se": 0.007,
          "z": -0.593,
          "p": 0.55341
        }
      },
      "log_likelihood": 181.794
    }
  },
  "keyword_confound": {
    "neutral": {
      "n": 203,
      "mean_regret_rate": 0.0,
      "note": "Prompt keywords neutral"
    },
    "deprivation": {
      "n": 234,
      "mean_regret_rate": 0.4491,
      "note": "Prompt keywords include regret tokens"
    },
    "counterfactual": {
      "n": 200,
      "mean_regret_rate": 0.0862,
      "note": "Prompt keywords neutral"
    }
  }
}