{
  "n_total": 815,
  "conditions": {
    "deprivation": 288,
    "counterfactual": 288,
    "neutral": 239
  },
  "welch_tests": {
    "cf_rate": {
      "D_vs_N": {
        "t": 5.964,
        "p": 0.0,
        "d": 0.467
      },
      "C_vs_N": {
        "t": 2.776,
        "p": 0.00578,
        "d": 0.225
      }
    },
    "regret_rate": {
      "D_vs_N": {
        "t": 5.406,
        "p": 0.0,
        "d": 0.422
      },
      "C_vs_N": {
        "t": 2.807,
        "p": 0.00535,
        "d": 0.223
      }
    },
    "negemo_rate": {
      "D_vs_N": {
        "t": 3.232,
        "p": 0.00137,
        "d": 0.257
      },
      "C_vs_N": {
        "t": 1.892,
        "p": 0.05918,
        "d": 0.155
      }
    },
    "semantic_regret_bias": {
      "D_vs_N": {
        "t": 26.476,
        "p": 0.0,
        "d": 1.563
      },
      "C_vs_N": {
        "t": 27.913,
        "p": 0.0,
        "d": 1.605
      }
    }
  },
  "lme": {
    "cf_rate": {
      "params": {
        "Intercept": {
          "beta": -0.1494,
          "se": 0.4484,
          "z": -0.333,
          "p": 0.73902
        },
        "cond_D": {
          "beta": 0.5804,
          "se": 0.5192,
          "z": 1.118,
          "p": 0.26357
        },
        "cond_C": {
          "beta": 0.1863,
          "se": 0.5479,
          "z": 0.34,
          "p": 0.73391
        },
        "pers_rfl": {
          "beta": 0.0469,
          "se": 0.0746,
          "z": 0.628,
          "p": 0.5299
        },
        "pers_rum": {
          "beta": 0.4683,
          "se": 0.0745,
          "z": 6.284,
          "p": 0.0
        },
        "temp_z": {
          "beta": 0.0089,
          "se": 0.0309,
          "z": 0.29,
          "p": 0.77219
        }
      },
      "log_likelihood": -1065.78
    },
    "regret_rate": {
      "params": {
        "Intercept": {
          "beta": -0.1349,
          "se": 0.3856,
          "z": -0.35,
          "p": 0.72654
        },
        "cond_D": {
          "beta": 0.5169,
          "se": 0.447,
          "z": 1.156,
          "p": 0.24753
        },
        "cond_C": {
          "beta": 0.1464,
          "se": 0.4707,
          "z": 0.311,
          "p": 0.75574
        },
        "pers_rfl": {
          "beta": 0.0059,
          "se": 0.0771,
          "z": 0.077,
          "p": 0.93882
        },
        "pers_rum": {
          "beta": 0.3972,
          "se": 0.077,
          "z": 5.155,
          "p": 0.0
        },
        "temp_z": {
          "beta": 0.0044,
          "se": 0.0319,
          "z": 0.138,
          "p": 0.88989
        }
      },
      "log_likelihood": -1091.065
    },
    "negemo_rate": {
      "params": {
        "Intercept": {
          "beta": 0.0228,
          "se": 0.1715,
          "z": 0.133,
          "p": 0.89447
        },
        "cond_D": {
          "beta": 0.2251,
          "se": 0.1995,
          "z": 1.129,
          "p": 0.2591
        },
        "cond_C": {
          "beta": 0.0484,
          "se": 0.2082,
          "z": 0.233,
          "p": 0.81609
        },
        "pers_rfl": {
          "beta": 0.0099,
          "se": 0.0557,
          "z": 0.178,
          "p": 0.85878
        },
        "pers_rum": {
          "beta": -0.0176,
          "se": 0.0557,
          "z": -0.315,
          "p": 0.75262
        },
        "temp_z": {
          "beta": -0.0068,
          "se": 0.0231,
          "z": -0.295,
          "p": 0.76782
        }
      },
      "log_likelihood": -824.481
    },
    "semantic_regret_bias": {
      "params": {
        "Intercept": {
          "beta": -0.5339,
          "se": 0.046,
          "z": -11.606,
          "p": 0.0
        },
        "cond_D": {
          "beta": 0.5598,
          "se": 0.0535,
          "z": 10.469,
          "p": 0.0
        },
        "cond_C": {
          "beta": 0.5408,
          "se": 0.0559,
          "z": 9.678,
          "p": 0.0
        },
        "pers_rfl": {
          "beta": -0.018,
          "se": 0.0143,
          "z": -1.262,
          "p": 0.2071
        },
        "pers_rum": {
          "beta": -0.0047,
          "se": 0.0143,
          "z": -0.332,
          "p": 0.73957
        },
        "temp_z": {
          "beta": -0.0045,
          "se": 0.0059,
          "z": -0.755,
          "p": 0.45022
        }
      },
      "log_likelihood": 275.934
    }
  },
  "keyword_confound": {
    "neutral": {
      "n": 239,
      "mean_regret_rate": 0.0,
      "note": "Prompt keywords neutral"
    },
    "deprivation": {
      "n": 288,
      "mean_regret_rate": 0.4673,
      "note": "Prompt keywords include regret tokens"
    },
    "counterfactual": {
      "n": 288,
      "mean_regret_rate": 0.1259,
      "note": "Prompt keywords neutral"
    }
  }
}