{
  "timestamp": "2026-03-24T10:03:19.438420+00:00",
  "n_total": 216,
  "n_per_condition": {
    "counterfactual": 72,
    "deprivation": 72,
    "neutral": 72
  },
  "models": [
    "gpt-4o",
    "gemini-2.5-flash"
  ],
  "results": [
    {
      "outcome": "regret_word_rate",
      "status": "converged",
      "n": 216,
      "log_likelihood": -313.20795791057606,
      "aic": NaN,
      "bic": NaN,
      "coefs": {
        "cond_dep": {
          "estimate": 1.0497194444444464,
          "se": 0.7329162342818096,
          "z": 1.4322502290770989,
          "p": 0.15207222137371823,
          "ci_lower": -0.38676997843262084,
          "ci_upper": 2.4862088673215137,
          "p_fdr_bh": 0.2409152839977582
        },
        "cond_cf": {
          "estimate": 0.07792361111111208,
          "se": 0.7329162342818096,
          "z": 0.10631994144251701,
          "p": 0.9153285102800679,
          "ci_lower": -1.3585658117659551,
          "ci_upper": 1.5144130339881794
        },
        "persona_rum": {
          "estimate": 0.5251486111111112,
          "se": 0.16558397315421375,
          "z": 3.171494203862491,
          "p": 0.001516568944823345,
          "ci_lower": 0.20060998731180507,
          "ci_upper": 0.8496872349104174
        },
        "persona_ref": {
          "estimate": -0.030934722222222075,
          "se": 0.16558397315421372,
          "z": -0.18682195887044917,
          "p": 0.8518002293418413,
          "ci_lower": -0.3554733460215282,
          "ci_upper": 0.293603901577084
        },
        "temp_hi": {
          "estimate": -0.03623981481481471,
          "se": 0.1351987479368439,
          "z": -0.26804844991422266,
          "p": 0.7886620251709725,
          "ci_lower": -0.30122449152593767,
          "ci_upper": 0.22874486189630827
        }
      }
    },
    {
      "outcome": "counterfactual_rate",
      "status": "converged",
      "n": 216,
      "log_likelihood": -317.50813529526386,
      "aic": NaN,
      "bic": NaN,
      "coefs": {
        "cond_dep": {
          "estimate": 1.1221222222222031,
          "se": 0.8442355657467722,
          "z": 1.3291577229746596,
          "p": 0.18379593971957253,
          "ci_lower": -0.5325490811092672,
          "ci_upper": 2.7767935255536735,
          "p_fdr_bh": 0.2409152839977582
        },
        "cond_cf": {
          "estimate": -0.014731944444445429,
          "se": 0.8442355657467723,
          "z": -0.017450040062472638,
          "p": 0.9860775890237496,
          "ci_lower": -1.669403247775916,
          "ci_upper": 1.6399393588870252
        },
        "persona_rum": {
          "estimate": 0.5693638888888889,
          "se": 0.1687136641701952,
          "z": 3.374734889964367,
          "p": 0.0007388683149031456,
          "ci_lower": 0.23869118341552054,
          "ci_upper": 0.9000365943622572
        },
        "persona_ref": {
          "estimate": 0.010534722222222197,
          "se": 0.16871366417019518,
          "z": 0.06244142864205099,
          "p": 0.9502113040223952,
          "ci_lower": -0.3201379832511461,
          "ci_upper": 0.3412074276955905
        },
        "temp_hi": {
          "estimate": -0.06921296296296287,
          "se": 0.13775412995075298,
          "z": -0.5024383877834113,
          "p": 0.6153591817866835,
          "ci_lower": -0.3392060963880891,
          "ci_upper": 0.20078017046216334
        }
      }
    },
    {
      "outcome": "negemo_rate",
      "status": "converged",
      "n": 216,
      "log_likelihood": -250.73712343493548,
      "aic": NaN,
      "bic": NaN,
      "coefs": {
        "cond_dep": {
          "estimate": 0.43714861111111314,
          "se": 0.37277037915880895,
          "z": 1.1727021124843118,
          "p": 0.2409152839977582,
          "ci_lower": -0.29346790654349275,
          "ci_upper": 1.1677651287657191,
          "p_fdr_bh": 0.2409152839977582
        },
        "cond_cf": {
          "estimate": 0.04241388888888929,
          "se": 0.37277037915880895,
          "z": 0.11378020159380738,
          "p": 0.9094120334967479,
          "ci_lower": -0.6882026287657166,
          "ci_upper": 0.7730304065434952
        },
        "persona_rum": {
          "estimate": -0.23084305555555557,
          "se": 0.12365372073151384,
          "z": -1.8668508653838178,
          "p": 0.06192241698654536,
          "ci_lower": -0.4731998947436965,
          "ci_upper": 0.0115137836325854
        },
        "persona_ref": {
          "estimate": -0.13081944444444443,
          "se": 0.12365372073151384,
          "z": -1.057949923953274,
          "p": 0.29007827287039567,
          "ci_lower": -0.37317628363258537,
          "ci_upper": 0.11153739474369653
        },
        "temp_hi": {
          "estimate": -0.1006296296296296,
          "se": 0.10096284019627291,
          "z": -0.9966996712256158,
          "p": 0.31891030933377584,
          "ci_lower": -0.2985131601911974,
          "ci_upper": 0.0972539009319382
        }
      }
    },
    {
      "outcome": "semantic_regret_bias",
      "status": "converged",
      "n": 216,
      "log_likelihood": 36.52861269221319,
      "aic": NaN,
      "bic": NaN,
      "coefs": {
        "cond_dep": {
          "estimate": 0.5572902777777778,
          "se": 0.09766461427461799,
          "z": 5.7061637105406735,
          "p": 1.1555086584383913e-08,
          "ci_lower": 0.36587115123553016,
          "ci_upper": 0.7487094043200255,
          "p_fdr_bh": 4.622034633753565e-08
        },
        "cond_cf": {
          "estimate": 0.533647361111111,
          "se": 0.09766461427461798,
          "z": 5.4640809783016815,
          "p": 4.653111027604235e-08,
          "ci_lower": 0.3422282345688633,
          "ci_upper": 0.7250664876533587
        },
        "persona_rum": {
          "estimate": -0.015045416666666709,
          "se": 0.031473308491287995,
          "z": -0.478037339824994,
          "p": 0.6326236287829489,
          "ci_lower": -0.07673196778390985,
          "ci_upper": 0.04664113445057643
        },
        "persona_ref": {
          "estimate": -0.02942986111111114,
          "se": 0.031473308491287995,
          "z": -0.9350736392793756,
          "p": 0.34975035053506165,
          "ci_lower": -0.09111641222835427,
          "ci_upper": 0.032256690006132
        },
        "temp_hi": {
          "estimate": -0.003527870370370403,
          "se": 0.02569784877362022,
          "z": -0.13728271192847438,
          "p": 0.8908073349327703,
          "ci_lower": -0.05389472844682283,
          "ci_upper": 0.046838987706082025
        }
      }
    }
  ]
}