{
  "n_total": 312,
  "conditions": {
    "deprivation": 108,
    "counterfactual": 108,
    "neutral": 96
  },
  "welch_tests": {
    "cf_rate": {
      "D_vs_N": {
        "t": 4.273,
        "p": 4e-05,
        "d": 0.55
      },
      "C_vs_N": {
        "t": 0.574,
        "p": 0.5665,
        "d": 0.083
      }
    },
    "regret_rate": {
      "D_vs_N": {
        "t": 4.353,
        "p": 3e-05,
        "d": 0.556
      },
      "C_vs_N": {
        "t": 3.079,
        "p": 0.00264,
        "d": 0.401
      }
    },
    "negemo_rate": {
      "D_vs_N": {
        "t": 2.807,
        "p": 0.00592,
        "d": 0.367
      },
      "C_vs_N": {
        "t": 2.476,
        "p": 0.01428,
        "d": 0.333
      }
    },
    "semantic_regret_bias": {
      "D_vs_N": {
        "t": 17.82,
        "p": 0.0,
        "d": 1.59
      },
      "C_vs_N": {
        "t": 18.652,
        "p": 0.0,
        "d": 1.624
      }
    }
  },
  "lme": {
    "cf_rate": {
      "params": {
        "Intercept": {
          "beta": -0.0862,
          "se": 0.5059,
          "z": -0.17,
          "p": 0.86473
        },
        "cond_D": {
          "beta": 0.5529,
          "se": 0.6187,
          "z": 0.894,
          "p": 0.37159
        },
        "cond_C": {
          "beta": 0.0434,
          "se": 0.6186,
          "z": 0.07,
          "p": 0.94408
        },
        "pers_rfl": {
          "beta": 0.0015,
          "se": 0.1195,
          "z": 0.013,
          "p": 0.98968
        },
        "pers_rum": {
          "beta": 0.4246,
          "se": 0.1195,
          "z": 3.554,
          "p": 0.00038
        },
        "temp_z": {
          "beta": -0.0241,
          "se": 0.0502,
          "z": -0.48,
          "p": 0.63154
        }
      },
      "log_likelihood": -412.321
    },
    "regret_rate": {
      "params": {
        "Intercept": {
          "beta": -0.101,
          "se": 0.4449,
          "z": -0.227,
          "p": 0.82045
        },
        "cond_D": {
          "beta": 0.5415,
          "se": 0.544,
          "z": 0.995,
          "p": 0.31952
        },
        "cond_C": {
          "beta": 0.0667,
          "se": 0.5438,
          "z": 0.123,
          "p": 0.9024
        },
        "pers_rfl": {
          "beta": -0.0492,
          "se": 0.1175,
          "z": -0.419,
          "p": 0.67507
        },
        "pers_rum": {
          "beta": 0.3505,
          "se": 0.1175,
          "z": 2.984,
          "p": 0.00284
        },
        "temp_z": {
          "beta": -0.0127,
          "se": 0.0494,
          "z": -0.257,
          "p": 0.79703
        }
      },
      "log_likelihood": -406.38
    },
    "negemo_rate": {
      "params": {
        "Intercept": {
          "beta": 0.0894,
          "se": 0.208,
          "z": 0.43,
          "p": 0.66719
        },
        "cond_D": {
          "beta": 0.2619,
          "se": 0.2533,
          "z": 1.034,
          "p": 0.30108
        },
        "cond_C": {
          "beta": 0.0589,
          "se": 0.2531,
          "z": 0.233,
          "p": 0.81598
        },
        "pers_rfl": {
          "beta": -0.0876,
          "se": 0.0874,
          "z": -1.003,
          "p": 0.31601
        },
        "pers_rum": {
          "beta": -0.1457,
          "se": 0.0874,
          "z": -1.667,
          "p": 0.09555
        },
        "temp_z": {
          "beta": -0.0427,
          "se": 0.0366,
          "z": -1.167,
          "p": 0.24321
        }
      },
      "log_likelihood": -312.749
    },
    "semantic_regret_bias": {
      "params": {
        "Intercept": {
          "beta": -0.5654,
          "se": 0.0535,
          "z": -10.562,
          "p": 0.0
        },
        "cond_D": {
          "beta": 0.6004,
          "se": 0.065,
          "z": 9.238,
          "p": 0.0
        },
        "cond_C": {
          "beta": 0.583,
          "se": 0.065,
          "z": 8.97,
          "p": 0.0
        },
        "pers_rfl": {
          "beta": -0.0316,
          "se": 0.0247,
          "z": -1.281,
          "p": 0.20035
        },
        "pers_rum": {
          "beta": -0.024,
          "se": 0.0247,
          "z": -0.974,
          "p": 0.32988
        },
        "temp_z": {
          "beta": -0.0142,
          "se": 0.0103,
          "z": -1.378,
          "p": 0.16811
        }
      },
      "log_likelihood": 74.868
    }
  },
  "keyword_confound": {
    "neutral": {
      "n": 96,
      "mean_regret_rate": 0.0,
      "note": "Prompt keywords neutral"
    },
    "deprivation": {
      "n": 108,
      "mean_regret_rate": 0.6998,
      "note": "Prompt keywords include regret tokens"
    },
    "counterfactual": {
      "n": 108,
      "mean_regret_rate": 0.093,
      "note": "Prompt keywords neutral"
    }
  }
}