{
  "description": "LME with crossed RE: (1|scenario) + (1|model)",
  "n_embedding_subset": 8317,
  "n_total": 8317,
  "n_models": 39,
  "n_scenarios": 169,
  "embedding_regret_bias": {
    "model_A_scenario_only": {
      "Intercept": {
        "beta": -0.0703,
        "se": 0.0045,
        "z": -15.656,
        "p": 0.0
      },
      "cond_D": {
        "beta": 0.1792,
        "se": 0.0032,
        "z": 56.45,
        "p": 0.0
      },
      "cond_C": {
        "beta": 0.2311,
        "se": 0.0033,
        "z": 70.987,
        "p": 0.0
      },
      "pers_rfl": {
        "beta": 0.0181,
        "se": 0.0018,
        "z": 10.201,
        "p": 0.0
      },
      "pers_rum": {
        "beta": 0.0347,
        "se": 0.0018,
        "z": 19.389,
        "p": 0.0
      },
      "temp_z": {
        "beta": 0.0009,
        "se": 0.0008,
        "z": 1.171,
        "p": 0.24179
      }
    },
    "model_B_crossed_re": {
      "Intercept": {
        "beta": -0.0669,
        "se": 0.0028,
        "z": -23.557,
        "p": 0.0
      },
      "cond_D": {
        "beta": 0.1758,
        "se": 0.0027,
        "z": 64.653,
        "p": 0.0
      },
      "cond_C": {
        "beta": 0.2207,
        "se": 0.0028,
        "z": 80.224,
        "p": 0.0
      },
      "pers_rfl": {
        "beta": 0.0162,
        "se": 0.0015,
        "z": 10.827,
        "p": 0.0
      },
      "pers_rum": {
        "beta": 0.0325,
        "se": 0.0015,
        "z": 21.341,
        "p": 0.0
      },
      "temp_z": {
        "beta": -0.0008,
        "se": 0.0008,
        "z": -1.065,
        "p": 0.28679
      }
    }
  },
  "all_markers_crossed_re": {
    "regret_rate": {
      "Intercept": {
        "beta": 0.1323,
        "se": 0.0375,
        "z": 3.53,
        "p": 0.00042
      },
      "cond_D": {
        "beta": 0.1785,
        "se": 0.0406,
        "z": 4.398,
        "p": 1e-05
      },
      "cond_C": {
        "beta": 0.1473,
        "se": 0.0409,
        "z": 3.605,
        "p": 0.00031
      },
      "pers_rfl": {
        "beta": -0.0237,
        "se": 0.025,
        "z": -0.949,
        "p": 0.34275
      },
      "pers_rum": {
        "beta": 0.2207,
        "se": 0.0254,
        "z": 8.7,
        "p": 0.0
      },
      "temp_z": {
        "beta": -0.0009,
        "se": 0.0126,
        "z": -0.068,
        "p": 0.94556
      }
    },
    "negemo_rate": {
      "Intercept": {
        "beta": 0.072,
        "se": 0.0153,
        "z": 4.703,
        "p": 0.0
      },
      "cond_D": {
        "beta": 0.106,
        "se": 0.0177,
        "z": 6.006,
        "p": 0.0
      },
      "cond_C": {
        "beta": 0.0455,
        "se": 0.0177,
        "z": 2.563,
        "p": 0.01038
      },
      "pers_rfl": {
        "beta": 0.0088,
        "se": 0.0134,
        "z": 0.657,
        "p": 0.51123
      },
      "pers_rum": {
        "beta": 0.0199,
        "se": 0.0136,
        "z": 1.462,
        "p": 0.14372
      },
      "temp_z": {
        "beta": -0.0116,
        "se": 0.0064,
        "z": -1.797,
        "p": 0.07232
      }
    },
    "cf_rate": {
      "Intercept": {
        "beta": 0.3445,
        "se": 0.0571,
        "z": 6.032,
        "p": 0.0
      },
      "cond_D": {
        "beta": 0.1329,
        "se": 0.055,
        "z": 2.419,
        "p": 0.01557
      },
      "cond_C": {
        "beta": 0.5956,
        "se": 0.0555,
        "z": 10.738,
        "p": 0.0
      },
      "pers_rfl": {
        "beta": -0.0217,
        "se": 0.0308,
        "z": -0.704,
        "p": 0.48115
      },
      "pers_rum": {
        "beta": 0.2491,
        "se": 0.0313,
        "z": 7.958,
        "p": 0.0
      },
      "temp_z": {
        "beta": -0.01,
        "se": 0.0158,
        "z": -0.636,
        "p": 0.52507
      }
    },
    "embedding_regret_bias": {
      "Intercept": {
        "beta": -0.0669,
        "se": 0.0028,
        "z": -23.557,
        "p": 0.0
      },
      "cond_D": {
        "beta": 0.1758,
        "se": 0.0027,
        "z": 64.653,
        "p": 0.0
      },
      "cond_C": {
        "beta": 0.2207,
        "se": 0.0028,
        "z": 80.224,
        "p": 0.0
      },
      "pers_rfl": {
        "beta": 0.0162,
        "se": 0.0015,
        "z": 10.827,
        "p": 0.0
      },
      "pers_rum": {
        "beta": 0.0325,
        "se": 0.0015,
        "z": 21.341,
        "p": 0.0
      },
      "temp_z": {
        "beta": -0.0008,
        "se": 0.0008,
        "z": -1.065,
        "p": 0.28679
      }
    }
  }
}