{
  "n_total": 1084,
  "conditions": {
    "counterfactual": 407,
    "deprivation": 378,
    "neutral": 299
  },
  "welch_tests": {
    "cf_rate": {
      "D_vs_N": {
        "t": 7.462,
        "p": 0.0,
        "d": 0.501
      },
      "C_vs_N": {
        "t": 2.838,
        "p": 0.00471,
        "d": 0.192
      }
    },
    "regret_rate": {
      "D_vs_N": {
        "t": 7.065,
        "p": 0.0,
        "d": 0.473
      },
      "C_vs_N": {
        "t": 2.858,
        "p": 0.00448,
        "d": 0.186
      }
    },
    "negemo_rate": {
      "D_vs_N": {
        "t": 3.806,
        "p": 0.00016,
        "d": 0.261
      },
      "C_vs_N": {
        "t": 2.115,
        "p": 0.03491,
        "d": 0.143
      }
    },
    "semantic_regret_bias": {
      "D_vs_N": {
        "t": 27.165,
        "p": 0.0,
        "d": 1.518
      },
      "C_vs_N": {
        "t": 28.029,
        "p": 0.0,
        "d": 1.566
      }
    }
  },
  "lme": {
    "cf_rate": {
      "params": {
        "Intercept": {
          "beta": -0.1772,
          "se": 0.4729,
          "z": -0.375,
          "p": 0.70793
        },
        "cond_D": {
          "beta": 0.6382,
          "se": 0.5482,
          "z": 1.164,
          "p": 0.24436
        },
        "cond_C": {
          "beta": 0.1679,
          "se": 0.578,
          "z": 0.29,
          "p": 0.77146
        },
        "pers_rfl": {
          "beta": 0.0187,
          "se": 0.0724,
          "z": 0.258,
          "p": 0.79606
        },
        "pers_rum": {
          "beta": 0.5655,
          "se": 0.0723,
          "z": 7.826,
          "p": 0.0
        },
        "temp_z": {
          "beta": 0.0038,
          "se": 0.0298,
          "z": 0.126,
          "p": 0.89963
        }
      },
      "log_likelihood": -1530.249
    },
    "regret_rate": {
      "params": {
        "Intercept": {
          "beta": -0.1688,
          "se": 0.4396,
          "z": -0.384,
          "p": 0.70094
        },
        "cond_D": {
          "beta": 0.5878,
          "se": 0.5099,
          "z": 1.153,
          "p": 0.24901
        },
        "cond_C": {
          "beta": 0.1186,
          "se": 0.537,
          "z": 0.221,
          "p": 0.8252
        },
        "pers_rfl": {
          "beta": -0.0088,
          "se": 0.0739,
          "z": -0.119,
          "p": 0.90558
        },
        "pers_rum": {
          "beta": 0.5134,
          "se": 0.0738,
          "z": 6.954,
          "p": 0.0
        },
        "temp_z": {
          "beta": 0.0004,
          "se": 0.0304,
          "z": 0.012,
          "p": 0.99026
        }
      },
      "log_likelihood": -1552.731
    },
    "negemo_rate": {
      "params": {
        "Intercept": {
          "beta": 0.0408,
          "se": 0.1286,
          "z": 0.317,
          "p": 0.75103
        },
        "cond_D": {
          "beta": 0.2102,
          "se": 0.1507,
          "z": 1.395,
          "p": 0.16293
        },
        "cond_C": {
          "beta": 0.0409,
          "se": 0.1552,
          "z": 0.264,
          "p": 0.79209
        },
        "pers_rfl": {
          "beta": -0.0246,
          "se": 0.0512,
          "z": -0.481,
          "p": 0.63026
        },
        "pers_rum": {
          "beta": -0.0488,
          "se": 0.0511,
          "z": -0.955,
          "p": 0.33946
        },
        "temp_z": {
          "beta": -0.0117,
          "se": 0.021,
          "z": -0.557,
          "p": 0.57725
        }
      },
      "log_likelihood": -1148.41
    },
    "semantic_regret_bias": {
      "params": {
        "Intercept": {
          "beta": -0.4787,
          "se": 0.038,
          "z": -12.604,
          "p": 0.0
        },
        "cond_D": {
          "beta": 0.4999,
          "se": 0.0443,
          "z": 11.283,
          "p": 0.0
        },
        "cond_C": {
          "beta": 0.4809,
          "se": 0.0461,
          "z": 10.434,
          "p": 0.0
        },
        "pers_rfl": {
          "beta": -0.0129,
          "se": 0.012,
          "z": -1.076,
          "p": 0.28196
        },
        "pers_rum": {
          "beta": 0.0006,
          "se": 0.012,
          "z": 0.05,
          "p": 0.95995
        },
        "temp_z": {
          "beta": -0.0126,
          "se": 0.0049,
          "z": -2.567,
          "p": 0.01026
        }
      },
      "log_likelihood": 415.14
    }
  },
  "keyword_confound": {
    "neutral": {
      "n": 299,
      "mean_regret_rate": 0.0,
      "note": "Prompt keywords neutral"
    },
    "deprivation": {
      "n": 378,
      "mean_regret_rate": 0.6413,
      "note": "Prompt keywords include regret tokens"
    },
    "counterfactual": {
      "n": 407,
      "mean_regret_rate": 0.0912,
      "note": "Prompt keywords neutral"
    }
  }
}