{
  "timestamp": "2026-03-24T10:03:40.982434+00:00",
  "n_total": 108,
  "n_per_condition": {
    "counterfactual": 36,
    "deprivation": 36,
    "neutral": 36
  },
  "models": [
    "gpt-4o"
  ],
  "results": [
    {
      "outcome": "regret_word_rate",
      "status": "converged",
      "n": 108,
      "log_likelihood": -11.903244947201358,
      "aic": NaN,
      "bic": NaN,
      "coefs": {
        "cond_dep": {
          "estimate": 0.6047861111111236,
          "se": 0.5044875122849078,
          "z": 1.198812847461668,
          "p": 0.23060072583411828,
          "ci_lower": -0.3839912436175039,
          "ci_upper": 1.593563465839751,
          "p_fdr_bh": 0.3041075275998373
        },
        "cond_cf": {
          "estimate": 0.1558472222222262,
          "se": 0.5044875122849078,
          "z": 0.3089218631326833,
          "p": 0.7573809653241415,
          "ci_lower": -0.8329301325064014,
          "ci_upper": 1.1446245769508536
        },
        "persona_rum": {
          "estimate": 0.08805277777777783,
          "se": 0.0543920346846935,
          "z": 1.6188542732077058,
          "p": 0.10547862143699331,
          "ci_lower": -0.018553651250074868,
          "ci_upper": 0.19465920680563054
        },
        "persona_ref": {
          "estimate": -0.07344444444444444,
          "se": 0.0543920346846935,
          "z": -1.350279408928096,
          "p": 0.17692637471007022,
          "ci_lower": -0.18005087347229715,
          "ci_upper": 0.03316198458340826
        },
        "temp_hi": {
          "estimate": 0.009825925925925951,
          "se": 0.04441091034975453,
          "z": 0.2212502704525232,
          "p": 0.8248975688328527,
          "ci_lower": -0.07721785888023007,
          "ci_upper": 0.09686971073208196
        }
      }
    },
    {
      "outcome": "counterfactual_rate",
      "status": "converged",
      "n": 108,
      "log_likelihood": -22.353812441283395,
      "aic": NaN,
      "bic": NaN,
      "coefs": {
        "cond_dep": {
          "estimate": 0.8758555555555968,
          "se": 0.7194126166401476,
          "z": 1.2174592650961285,
          "p": 0.22342952598419108,
          "ci_lower": -0.5341672630828133,
          "ci_upper": 2.2858783741940067,
          "p_fdr_bh": 0.3041075275998373
        },
        "cond_cf": {
          "estimate": 0.09680000000000516,
          "se": 0.7194126166401476,
          "z": 0.13455421514858534,
          "p": 0.8929643433204646,
          "ci_lower": -1.313222818638405,
          "ci_upper": 1.5068228186384152
        },
        "persona_rum": {
          "estimate": 0.05021944444444447,
          "se": 0.05980113897848039,
          "z": 0.8397740461517978,
          "p": 0.4010350880692536,
          "ci_lower": -0.06698863418785149,
          "ci_upper": 0.16742752307674041
        },
        "persona_ref": {
          "estimate": 0.009494444444444443,
          "se": 0.0598011389784804,
          "z": 0.15876695003854432,
          "p": 0.8738524885281289,
          "ci_lower": -0.10771363418785153,
          "ci_upper": 0.1267025230767404
        },
        "temp_hi": {
          "estimate": -0.14029629629629636,
          "se": 0.04882742551151301,
          "z": -2.87330930981024,
          "p": 0.004061962113053479,
          "ci_lower": -0.23599629175667408,
          "ci_upper": -0.04459630083591863
        }
      }
    },
    {
      "outcome": "negemo_rate",
      "status": "converged",
      "n": 108,
      "log_likelihood": -31.278499282834787,
      "aic": NaN,
      "bic": NaN,
      "coefs": {
        "cond_dep": {
          "estimate": 0.23676388888888947,
          "se": 0.23039018866968902,
          "z": 1.0276648074989791,
          "p": 0.3041075275998373,
          "ci_lower": -0.21479258329508902,
          "ci_upper": 0.688320361072868,
          "p_fdr_bh": 0.3041075275998373
        },
        "cond_cf": {
          "estimate": 0.08482777777777817,
          "se": 0.23039018866968902,
          "z": 0.36819179786946554,
          "p": 0.7127302257848063,
          "ci_lower": -0.3667286944062003,
          "ci_upper": 0.5363842499617566
        },
        "persona_rum": {
          "estimate": 0.02152499999999998,
          "se": 0.06774007331045871,
          "z": 0.3177587349418566,
          "p": 0.7506679542954561,
          "ci_lower": -0.11124310399860204,
          "ci_upper": 0.15429310399860202
        },
        "persona_ref": {
          "estimate": 0.06724999999999998,
          "se": 0.06774007331045871,
          "z": 0.9927653855907022,
          "p": 0.3208243021947258,
          "ci_lower": -0.06551810399860206,
          "ci_upper": 0.200018103998602
        },
        "temp_hi": {
          "estimate": 0.028829629629629625,
          "se": 0.05530953824978303,
          "z": 0.5212415533001257,
          "p": 0.6021985105338659,
          "ci_lower": -0.07957507334148566,
          "ci_upper": 0.1372343326007449
        }
      }
    },
    {
      "outcome": "semantic_regret_bias",
      "status": "converged",
      "n": 108,
      "log_likelihood": 53.479000616164086,
      "aic": NaN,
      "bic": NaN,
      "coefs": {
        "cond_dep": {
          "estimate": 0.8101816666666699,
          "se": 0.16410501959644805,
          "z": 4.9369706585392334,
          "p": 7.934540305665392e-07,
          "ci_lower": 0.48854173857539196,
          "ci_upper": 1.1318215947579477,
          "p_fdr_bh": 3.1738161222661566e-06
        },
        "cond_cf": {
          "estimate": 0.797451388888892,
          "se": 0.16410501959644805,
          "z": 4.85939668908307,
          "p": 1.1774400363465257e-06,
          "ci_lower": 0.47581146079761405,
          "ci_upper": 1.11909131698017
        },
        "persona_rum": {
          "estimate": -0.027776944444444424,
          "se": 0.029073363406894117,
          "z": -0.9554087036884671,
          "p": 0.33937105422542924,
          "ci_lower": -0.08475968963140162,
          "ci_upper": 0.02920580074251277
        },
        "persona_ref": {
          "estimate": -0.027777499999999986,
          "se": 0.02907336340689412,
          "z": -0.9554278124358034,
          "p": 0.339361394716327,
          "ci_lower": -0.08476024518695718,
          "ci_upper": 0.029205245186957215
        },
        "temp_hi": {
          "estimate": 0.014660185185185179,
          "se": 0.023738301817798308,
          "z": 0.6175751449159428,
          "p": 0.5368554328322186,
          "ci_lower": -0.0318660314318412,
          "ci_upper": 0.061186401802211556
        }
      }
    }
  ]
}