{
  "n_total": 527,
  "conditions": {
    "deprivation": 180,
    "counterfactual": 180,
    "neutral": 167
  },
  "welch_tests": {
    "cf_rate": {
      "D_vs_N": {
        "t": 4.644,
        "p": 1e-05,
        "d": 0.47
      },
      "C_vs_N": {
        "t": 1.307,
        "p": 0.19231,
        "d": 0.138
      }
    },
    "regret_rate": {
      "D_vs_N": {
        "t": 4.709,
        "p": 0.0,
        "d": 0.475
      },
      "C_vs_N": {
        "t": 2.328,
        "p": 0.021,
        "d": 0.24
      }
    },
    "negemo_rate": {
      "D_vs_N": {
        "t": 2.718,
        "p": 0.00718,
        "d": 0.28
      },
      "C_vs_N": {
        "t": 1.942,
        "p": 0.05329,
        "d": 0.203
      }
    },
    "semantic_regret_bias": {
      "D_vs_N": {
        "t": 21.829,
        "p": 0.0,
        "d": 1.542
      },
      "C_vs_N": {
        "t": 23.325,
        "p": 0.0,
        "d": 1.586
      }
    }
  },
  "lme": {
    "cf_rate": {
      "params": {
        "Intercept": {
          "beta": -0.0954,
          "se": 0.4722,
          "z": -0.202,
          "p": 0.83987
        },
        "cond_D": {
          "beta": 0.5223,
          "se": 0.5596,
          "z": 0.933,
          "p": 0.35063
        },
        "cond_C": {
          "beta": 0.08,
          "se": 0.5782,
          "z": 0.138,
          "p": 0.88997
        },
        "pers_rfl": {
          "beta": 0.0104,
          "se": 0.0843,
          "z": 0.123,
          "p": 0.90195
        },
        "pers_rum": {
          "beta": 0.3713,
          "se": 0.0842,
          "z": 4.412,
          "p": 1e-05
        },
        "temp_z": {
          "beta": -0.0048,
          "se": 0.0351,
          "z": -0.136,
          "p": 0.89154
        }
      },
      "log_likelihood": -644.376
    },
    "regret_rate": {
      "params": {
        "Intercept": {
          "beta": -0.102,
          "se": 0.4133,
          "z": -0.247,
          "p": 0.80514
        },
        "cond_D": {
          "beta": 0.5018,
          "se": 0.4899,
          "z": 1.024,
          "p": 0.30571
        },
        "cond_C": {
          "beta": 0.0867,
          "se": 0.506,
          "z": 0.171,
          "p": 0.86402
        },
        "pers_rfl": {
          "beta": -0.0197,
          "se": 0.0832,
          "z": -0.237,
          "p": 0.81251
        },
        "pers_rum": {
          "beta": 0.3234,
          "se": 0.0831,
          "z": 3.893,
          "p": 0.0001
        },
        "temp_z": {
          "beta": -0.0004,
          "se": 0.0347,
          "z": -0.011,
          "p": 0.99139
        }
      },
      "log_likelihood": -636.682
    },
    "negemo_rate": {
      "params": {
        "Intercept": {
          "beta": 0.0302,
          "se": 0.1861,
          "z": 0.163,
          "p": 0.87086
        },
        "cond_D": {
          "beta": 0.268,
          "se": 0.221,
          "z": 1.213,
          "p": 0.22519
        },
        "cond_C": {
          "beta": 0.0676,
          "se": 0.2267,
          "z": 0.298,
          "p": 0.76559
        },
        "pers_rfl": {
          "beta": 0.033,
          "se": 0.0759,
          "z": 0.434,
          "p": 0.6641
        },
        "pers_rum": {
          "beta": -0.0552,
          "se": 0.0758,
          "z": -0.728,
          "p": 0.4664
        },
        "temp_z": {
          "beta": -0.0286,
          "se": 0.0316,
          "z": -0.906,
          "p": 0.36513
        }
      },
      "log_likelihood": -583.748
    },
    "semantic_regret_bias": {
      "params": {
        "Intercept": {
          "beta": -0.5374,
          "se": 0.0502,
          "z": -10.712,
          "p": 0.0
        },
        "cond_D": {
          "beta": 0.5627,
          "se": 0.0596,
          "z": 9.448,
          "p": 0.0
        },
        "cond_C": {
          "beta": 0.546,
          "se": 0.0612,
          "z": 8.919,
          "p": 0.0
        },
        "pers_rfl": {
          "beta": -0.0284,
          "se": 0.0188,
          "z": -1.514,
          "p": 0.13003
        },
        "pers_rum": {
          "beta": -0.014,
          "se": 0.0187,
          "z": -0.745,
          "p": 0.45598
        },
        "temp_z": {
          "beta": -0.0071,
          "se": 0.0078,
          "z": -0.915,
          "p": 0.36033
        }
      },
      "log_likelihood": 143.892
    }
  },
  "keyword_confound": {
    "neutral": {
      "n": 167,
      "mean_regret_rate": 0.0,
      "note": "Prompt keywords neutral"
    },
    "deprivation": {
      "n": 180,
      "mean_regret_rate": 0.5034,
      "note": "Prompt keywords include regret tokens"
    },
    "counterfactual": {
      "n": 180,
      "mean_regret_rate": 0.0958,
      "note": "Prompt keywords neutral"
    }
  }
}