{
  "n_total": 1336,
  "conditions": {
    "neutral": 503,
    "counterfactual": 431,
    "deprivation": 402
  },
  "welch_tests": {
    "cf_rate": {
      "D_vs_N": {
        "t": 7.906,
        "p": 0.0,
        "d": 0.59
      },
      "C_vs_N": {
        "t": 3.171,
        "p": 0.00162,
        "d": 0.222
      }
    },
    "regret_rate": {
      "D_vs_N": {
        "t": 7.389,
        "p": 0.0,
        "d": 0.553
      },
      "C_vs_N": {
        "t": 2.857,
        "p": 0.00449,
        "d": 0.203
      }
    },
    "negemo_rate": {
      "D_vs_N": {
        "t": 3.885,
        "p": 0.00012,
        "d": 0.29
      },
      "C_vs_N": {
        "t": 1.98,
        "p": 0.04825,
        "d": 0.138
      }
    },
    "semantic_regret_bias": {
      "D_vs_N": {
        "t": 39.938,
        "p": 0.0,
        "d": 2.443
      },
      "C_vs_N": {
        "t": 41.689,
        "p": 0.0,
        "d": 2.543
      }
    },
    "embedding_regret_bias": {
      "D_vs_N": {
        "t": 29.279,
        "p": 0.0,
        "d": 1.986
      },
      "C_vs_N": {
        "t": 34.604,
        "p": 0.0,
        "d": 2.233
      }
    }
  },
  "lme": {
    "cf_rate": {
      "params": {
        "Intercept": {
          "beta": -0.1514,
          "se": 0.4609,
          "z": -0.328,
          "p": 0.74255
        },
        "cond_D": {
          "beta": 0.634,
          "se": 0.5348,
          "z": 1.185,
          "p": 0.23587
        },
        "cond_C": {
          "beta": 0.1709,
          "se": 0.5642,
          "z": 0.303,
          "p": 0.76198
        },
        "pers_rfl": {
          "beta": 0.0149,
          "se": 0.0615,
          "z": 0.243,
          "p": 0.80802
        },
        "pers_rum": {
          "beta": 0.4708,
          "se": 0.0614,
          "z": 7.669,
          "p": 0.0
        },
        "temp_z": {
          "beta": -0.0002,
          "se": 0.0252,
          "z": -0.01,
          "p": 0.99209
        }
      },
      "log_likelihood": -1804.203
    },
    "regret_rate": {
      "params": {
        "Intercept": {
          "beta": -0.1409,
          "se": 0.4321,
          "z": -0.326,
          "p": 0.74438
        },
        "cond_D": {
          "beta": 0.5798,
          "se": 0.5019,
          "z": 1.155,
          "p": 0.24801
        },
        "cond_C": {
          "beta": 0.1135,
          "se": 0.5289,
          "z": 0.215,
          "p": 0.83014
        },
        "pers_rfl": {
          "beta": -0.0073,
          "se": 0.0626,
          "z": -0.117,
          "p": 0.90711
        },
        "pers_rum": {
          "beta": 0.4286,
          "se": 0.0625,
          "z": 6.853,
          "p": 0.0
        },
        "temp_z": {
          "beta": -0.0025,
          "se": 0.0257,
          "z": -0.098,
          "p": 0.92173
        }
      },
      "log_likelihood": -1828.133
    },
    "negemo_rate": {
      "params": {
        "Intercept": {
          "beta": 0.0323,
          "se": 0.1234,
          "z": 0.261,
          "p": 0.79376
        },
        "cond_D": {
          "beta": 0.2035,
          "se": 0.1458,
          "z": 1.396,
          "p": 0.16267
        },
        "cond_C": {
          "beta": 0.0359,
          "se": 0.1505,
          "z": 0.239,
          "p": 0.81129
        },
        "pers_rfl": {
          "beta": -0.0032,
          "se": 0.0429,
          "z": -0.075,
          "p": 0.94047
        },
        "pers_rum": {
          "beta": -0.04,
          "se": 0.0429,
          "z": -0.933,
          "p": 0.35107
        },
        "temp_z": {
          "beta": -0.0141,
          "se": 0.0176,
          "z": -0.798,
          "p": 0.42467
        }
      },
      "log_likelihood": -1319.46
    },
    "semantic_regret_bias": {
      "params": {
        "Intercept": {
          "beta": -0.5418,
          "se": 0.0389,
          "z": -13.927,
          "p": 0.0
        },
        "cond_D": {
          "beta": 0.5773,
          "se": 0.0457,
          "z": 12.62,
          "p": 0.0
        },
        "cond_C": {
          "beta": 0.5592,
          "se": 0.0475,
          "z": 11.777,
          "p": 0.0
        },
        "pers_rfl": {
          "beta": -0.0351,
          "se": 0.0123,
          "z": -2.844,
          "p": 0.00446
        },
        "pers_rum": {
          "beta": -0.0262,
          "se": 0.0123,
          "z": -2.123,
          "p": 0.03372
        },
        "temp_z": {
          "beta": 0.0038,
          "se": 0.0051,
          "z": 0.753,
          "p": 0.45117
        }
      },
      "log_likelihood": 338.672
    },
    "embedding_regret_bias": {
      "params": {
        "Intercept": {
          "beta": -0.0713,
          "se": 0.0313,
          "z": -2.278,
          "p": 0.02272
        },
        "cond_D": {
          "beta": 0.1495,
          "se": 0.0363,
          "z": 4.12,
          "p": 4e-05
        },
        "cond_C": {
          "beta": 0.1352,
          "se": 0.0383,
          "z": 3.529,
          "p": 0.00042
        },
        "pers_rfl": {
          "beta": 0.0141,
          "se": 0.0036,
          "z": 3.89,
          "p": 0.0001
        },
        "pers_rum": {
          "beta": 0.0531,
          "se": 0.0036,
          "z": 14.611,
          "p": 0.0
        },
        "temp_z": {
          "beta": 0.0003,
          "se": 0.0015,
          "z": 0.196,
          "p": 0.84488
        }
      },
      "log_likelihood": 1955.38
    }
  },
  "keyword_confound": {
    "neutral": {
      "n": 503,
      "mean_regret_rate": 0.0,
      "note": "Prompt keywords neutral"
    },
    "deprivation": {
      "n": 402,
      "mean_regret_rate": 0.66,
      "note": "Prompt keywords include regret tokens"
    },
    "counterfactual": {
      "n": 431,
      "mean_regret_rate": 0.0861,
      "note": "Prompt keywords neutral"
    }
  }
}